Amino Acid,Group,Eisenberg_Weiss,Engleman,Kyte_Doolittle,Hopp_Woods,Janin,aa,Hydrophobicity,Hydrophilicity,Mass,pK1(a-CO2H),pK2(NH3),pI,charge
Ile,Nonpolar,0.73,3.1,4.5,-1.8,0.7,I,1.38,-1.8,57,2.32,9.76,6.04,0
Phe,Nonpolar,0.61,3.7,2.8,-2.5,0.5,F,1.19,-2.5,91,2.58,9.24,5.91,0
Val,Nonpolar,0.54,2.6,4.2,-1.5,0.6,V,1.08,-1.5,43,2.29,9.74,6.02,0
Leu,Nonpolar,0.53,2.8,3.8,-1.8,0.5,L,1.06,-1.8,57,2.36,9.6,6.04,0
Trp,Nonpolar,0.37,1.9,-0.9,-3.4,0.3,W,0.81,-3.4,130,2.38,9.39,5.88,0
Met,Nonpolar,0.26,3.4,1.9,-1.3,0.4,M,0.64,-1.3,75,2.28,9.21,5.74,0
Ala,Nonpolar,0.25,1.6,1.8,-0.5,0.3,A,0.62,-0.5,15,2.35,9.87,6.11,0
Gly,Nonpolar,0.16,1,-0.4,0,0.3,G,0.48,0,1,2.34,9.6,6.06,0
Cys,Polar,0.04,2,2.5,-1,0.9,C,0.29,-1,47,1.71,10.78,5.02,0
Tyr,Polar,0.02,-0.7,-1.3,-2.3,-0.4,Y,0.26,-2.3,107,2.2,9.11,5.63,0
Pro,Nonpolar,-0.07,-0.2,-1.6,0,-0.3,P,0.12,0,42,1.99,10.6,6.3,0
Thr,Polar,-0.18,1.2,-0.7,-0.4,-0.2,T,-0.05,-0.4,45,2.15,9.12,5.6,0
Ser,Polar,-0.26,0.6,-0.8,0.3,-0.1,S,-0.18,0.3,31,2.21,9.15,5.68,0
His,Charged,-0.4,-3,-3.2,-0.5,-0.1,H,-0.4,-0.5,82,1.78,8.97,7.64,1
Glu,Charged,-0.62,-8.2,-3.5,3,-0.7,E,-0.74,3,73,2.19,9.67,3.08,-1
Asn,Polar,-0.64,-4.8,-3.5,0.2,-0.5,N,-0.78,0.2,58,2.18,9.09,10.76,0
Gln,Polar,-0.69,-4.1,-3.5,0.2,-0.7,Q,-0.85,0.2,72,2.17,9.13,5.65,0
Asp,Charged,-0.72,-9.2,-3.5,3,-0.6,D,-0.9,3,59,1.88,9.6,2.98,-1
Lys,Charged,-1.1,-8.8,-3.9,3,-0.6,K,-1.5,3,73,2.2,8.9,9.47,1
Arg,Charged,-1.8,-12.3,-4.5,3,-1.4,R,-2.53,3,101,2.18,9.09,10.76,1